Manya Vishwakarma, MSAI23R007, manyadhiman19nov2000@gmail.com
Muhammed Ajmal P, MSAI23R008, imajmalp@gmail.com
Suriya Krishnan, MSAI23R010, suryakrishnans7@gmail.com
Sahal EK MSCS23R005, sahalek9@gmail.com
Fuaad Rahmaan, MSAI23R003,fuaad8114@gmail.com
Sajath N ,MSCS23R006, sajathnissar@gmail.com
Nanda Gopal V,MSCS23R004 nandagopal315@gmail.com
